Hashtag,Frequency
trucosytips,287
tips,171
aprendecontiktok,133
calendariodeadviento,124
xmas,118
navidad,114
lifehacks,81
amazonfinds,81
escaperoom,75
lifehack,66
tipshogar,64
gifted,62
vlogmas,50
adventcalendar,49
orden,39
tipsorden,29
skincare,26
exit,26
tipsdelimpieza,25
tip,25
sephora,23
exitthegameadventcalendar,23
tipsdemoda,23
cleantok,21
parati,21
tipsdeviaje,20
fyp,20
tipscocina,19
navidansia,18
amazon,18
hairtok,18
tutorial,17
beautytips,16
halloween,15
asmr,13
peinadosfaciles,13
ikea,13
organizacion,13
maquillaje,12
summertips,11
tutorialpeinado,11
temu,11
temufinds,11
temuespaña,11
productosamazon,11
planes,11
verano,11
temuspain,10
temues,10
humor,10
velas,10
tipsdebelleza,10
unboxing,10
shoptemu,9
makeup,9
doblarropa,9
deco,8
booktok,8
regalos,8
geocaching,8
trucos,7
trend,7
nespresso,7
miincosmetics,7
ruidovisual,7
summer,7
tipsorganizacion,7
diy,7
quepuedohacer,7
tipsverano,7
libros,7
tipsdecocina,7
maleta,6
ikeahack,6
giftwrapping,6
cosmeticacoreana,6
decotips,6
fashionhacks,6
tipsmaquillaje,6
fashiontips,6
tipsparaviajar,6
martstips,6
asos,6
vestidos,6
zara,5
regalosoriginales,5
sanvalentin,5
productostop,5
santjordi,5
quehacer,5
candlemaking,5
candles,5
decoracion,5
tipsmanicura,5
favoritosdelmes,5
maletaprimark,5
haul,5
tipsropa,5
ordenatuhogar,5
uñas,5
envolverregalos,5
boda,5
favoritos,5
tipsdeco,4
maletademano,4
limpieza,4
invitadaboda,4
cafe,4
tipshalloween,4
organization,4
vlog,4
tipscoche,4
rosa,4
perchas,4
halloweentips,4
vestidosinvitada,4
mochiladeviaje,4
tipsiphone,4
tipslimpieza,4
envolver,4
ordenencasa,4
publi,4
beautyhacks,4
vela,4
netflix,4
viajar,4
primeravez,4
ryanair,3
xmasfyp,3
organize,3
booktokespañol,3
temuhaul,3
dia4,3
cajones,3
zarahaul,3
tipsboda,3
tipsdenavidad,3
coffeeaddict,3
navidad2020,3
philipshogar,3
recogidosfaciles,3
organizador,3
cerradura,3
trucosiphone,3
tipsmoda,3
doblartoallas,3
echameuncable,3
publicidad,3
happyhalloween,3
tryonhaul,3
tipuñas,3
tipscomida,3
manicuracasera,3
receta,3
holidays,3
tipspelo,3
playa,3
seguridad,3
pov,3
miedo,3
peinadosfacilesyrapidos,3
looks,3
plantar,3
cambiodearmario,3
fridaynight,3
netflixespaña,3
nightgeocaching,3
satisfying,3
topgadgets,3
missionimpossible,3
regalador,3
geocachers,3
geocache,3
juegodemesa,3
gadgets,3
lattissimaone,3
quicktip,3
coche,3
carhacks,3
covid19,3
xmastime,3
recomendacionesdelibros,2
recomendaciones,2
top2024,2
barefootyou,2
barefoot,2
dia24,2
dia23,2
dia22,2
dia21,2
dia20,2
truco,2
beermaking,2
cerveza,2
dia19,2
dia18,2
dia17,2
dia16,2
dia14,2
dia13,2
sephoracollection,2
sunday,2
aguamicelar,2
gracias,2
dia12,2
dia11,2
dia10,2
dia9,2
dia8,2
dia7,2
dia6,2
milkmakeup,2
dia3,2
catrina,2
assouline,2
albumdefotos,2
hofmann,2
limpiezahogar,2
trucostiktok,2
cera,2
velascaseras,2
cables,2
tailandia,2
viralbeauty,2
lorealparisespaña,2
haircare,2
haultemu,2
fresas,2
limpiarjuntas,2
normal,2
trucosdelimpieza,2
coffeelover,2
cafeconleche,2
maquinadecafe,2
happybirthday,2
ceramica,2
trucoscaseros,2
outfit,2
montaje,2
manchas,2
tipsmudanza,2
kitchen,2
cocina,2
coffee,2
coffeecorner,2
navidadtiktok,2
ahorraragua,2
seriesnetflix,2
nochedechicas,2
regalospersonalizados,2
ideasderegalos,2
cine,2
juegosencasa,2
xmasgames,2
olimpiadasdenavidad,2
sportstips,2
tipspadel,2
vampylips,2
comoaplicarperfume,2
trucoviral,2
trucoscocina,2
beauty,2
xmasdecor,2
organizer,2
joyas,2
nevera,2
bluemonday,2
bubblecandle,2
airfryer,2
3inaspain,2
vestidoinvitada,2
conciertocoldplay,2
musicofthespheresworldtour,2
coldplay,2
coldplaybarcelona,2
bolsoszara,2
homehacks,2
toptips,2
ropainterior,2
hotelfantasma,2
geocacher,2
concursos,2
programastv,2
marcanthony,2
pallavoytour,2
domingo,2
cosmetica,2
hacks,2
foldingclothes,2
motivacion,2
viral,2
bye2021,2
adios2021,2
arboldenavidad,2
birchbox,2
doblarsabanas,2
eligeuncolor,2
velasdecolores,2
saturdaymood,2
nochedecine,2
plandeviernes,2
halloweenentiktok,2
maquillajedehalloween,2
gift,2
wrappinggifts,2
recibidor,2
vueltaalcole,2
modaentiktok,2
idealo,2
grwm,2
appsytrucos,2
tipsdepelo,2
tipsparachicas,2
uvas,2
tipsdeverano,2
tipsandtricks,2
vacaciones2021,2
formentera,2
globos,2
2020mehaenseñado,2
cooking,2
canelones,2
regalo,2
christmas,2
vacaciones,2
elveranoesnuestro,2
amazonprime,2
primeday,2
amazonprimeday,2
transicion,2
ventilador,2
techtok,2
manicura,2
rosal,2
reponiendo,2
manicurafrancesa,2
mango,2
juegosdemesa,2
hastanunca2020,2
pendientes,2
amazonfavorites,2
amazonfav,2
peinado,2
ordenylimpieza,2
experimento,2
tiktok,2
antesydespues,2
beforeandafter,2
especiero,2
especias,2
fashion,2
home,2
mascarilla,2
mask,2
xmastree,2
xmasdeco,2
loréal,1
xmaschallenge,1
portamascarillas,1
armario,1
erborian,1
diadellibro,1
apagon,1
apagón,1
apagones,1
abril,1
cotswolds,1
thecotswolds,1
rarebeauty,1
100k,1
accidente,1
soportemovil,1
bolsa,1
patatasfritas,1
haulzara,1
acotar,1
coffeerush,1
huevo,1
viledaturbo,1
lacuponera,1
ahorro,1
tipsparaahorrar,1
theinkeylist,1
fentybeauty,1
cafekinder,1
kindercoffee,1
kinder,1
mancala,1
flores,1
mama,1
felizdiadelamadre,1
madresentiktok,1
tiktokfavs,1
cuentastiktok,1
toptiktokvideos,1
relax,1
baño,1
selfcare,1
lunes,1
bombasdebaño,1
travel,1
viajevirtual,1
bolso,1
luzled,1
fashiontok,1
looksdeverano,1
summerclothes,1
plantarencasa,1
rosas,1
truquitos,1
guashafacial,1
guashamassage,1
guashatutorial,1
guasha,1
rose,1
planta,1
smoothie,1
licuadoraportatil,1
dandelion,1
dientedelon,1
sundaychill,1
sundaymood,1
plandesabado,1
pizza,1
secadordepelo,1
privacidad,1
privacyhack,1
asmrtiktok,1
microphone,1
asmrvideo,1
pelo,1
tipspeinado,1
stickers,1
etiquetasadhesivas,1
anillo,1
limpiarjoyas,1
lookstyle,1
camisablanca,1
outfits,1
trenza,1
hairstyles,1
foodie,1
foodtiktok,1
jabon,1
dispensador,1
faroscoche,1
gadgetsforlife,1
batidos,1
expectationvsreality,1
50k,1
makingof,1
juegos,1
top5,1
top,1
lechematerna,1
lactancia,1
collar,1
lackto,1
propositos2021,1
feliz2021,1
2020rewind,1
yearontiktok,1
cafetok,1
amantesdelcafe,1
cabalgata,1
aprenderidiomas,1
asmrcomida,1
weekendvibes,1
sea,1
beach,1
nothinghurtsanymore,1
tardedeviernes,1
ideasdeco,1
comoda,1
ikeatok,1
trucospelo,1
trenzasingoma,1
trenzasueltas,1
aguacate,1
probandomeropa,1
tipscovid,1
secadordeuñas,1
tipsuñas,1
finde,1
desperados,1
desperado,1
aguaderosas,1
petalos,1
decorhome,1
decor,1
diycandlekit,1
kit,1
cleaning,1
jerseys,1
sudaderas,1
reyesmagos,1
naturaleza,1
tipmaquillaje,1
delineador,1
perfecteyeliner,1
cateye,1
eyelinertutorial,1
restockasmr,1
descuentos,1
ofertas,1
deals,1
topofertas,1
topamazonproducts,1
mercadillo,1
good4u,1
perfecttransition,1
mascarillaspersonalizadas,1
summerhacks,1
sujetasombrero,1
ecotips,1
tipsecologicos,1
ecofriendly,1
foodwrap,1
beeswax,1
luzazul,1
mobiletips,1
esterilizador,1
sabiasque,1
cepillodedientes,1
barranquismo,1
alleyesonme,1
campo,1
placervisual,1
bamboology,1
cafeconhielo,1
tumbona,1
2020,1
sofia,1
betacoqueta,1
elisabetbenavent,1
sostenible,1
retosincelo,1
bookwrapping,1
casaabandonada,1
geocachingvlogger,1
napkinfolding,1
doblarservilletas,1
flordepapel,1
servilleta,1
summerlooks,1
outfitideas,1
pareo,1
gomasdepelo,1
quitaresmaltepermanente,1
paddlesurf,1
sup,1
verano2021,1
fail,1
devacaciones,1
viajes,1
foodhacks,1
balloons,1
balloonhack,1
cuidadofacial,1
primor,1
lettering,1
velasflotantes,1
immabe,1
thisisme,1
facereveal,1
bodycandle,1
velaimperfecta,1
snorkel,1
tothesalon,1
nuevasuñas,1
newnails,1
wine,1
vinoblanco,1
vino,1
uvascongeladas,1
style,1
rayosuv,1
protectorsolar,1
packpoint,1
hacermaleta,1
traveltip,1
summerhaul,1
haulshein,1
shein,1
deportesacuaticos,1
final,1
gorra,1
fashiontip,1
santjordi2021,1
morado,1
purple,1
comocrearona,1
lazoperfecto,1
metime,1
beautyasmr,1
bubblemask,1
reparacion,1
cablepelado,1
safetytips,1
flipflops,1
shoppingtips,1
ahorrardinero,1
comoahorrar,1
abba,1
hairtutorial,1
badhairday,1
monamourchallenge,1
monamour,1
twilight,1
crepusculo,1
zoomlento,1
tipsdepareja,1
toppelis,1
datenightmovies,1
tipsdecasa,1
papelwc,1
beanextra,1
vueltaalcurro,1
peinadofacil,1
selfcareroutine,1
lifestyletips,1
webtips,1
playphraseme,1
vestidoslargos,1
ordenarmario,1
dance,1
drone,1
dontgoyet,1
500k,1
present,1
wrapping,1
clean,1
higiene,1
gelhidroalcoholico,1
gel,1
desinfectante,1
aromatherapydiffuser,1
aromaterapia,1
aromatherapy,1
crush,1
sabado,1
runawaychallenge,1
velasdecorativas,1
adele,1
ordenarropa,1
tipscosmeticos,1
luz,1
electricidad,1
tipsdeahorro,1
tarifaluz,1
facturaluz,1
cocinaentiktok,1
clown,1
disfracesdehalloween,1
tipsdemaquillaje,1
puntuamioutfit,1
alarmapersonal,1
defensapersonal,1
llaveroantivioladores,1
tipsblackfriday,1
blackfriday,1
happyfriday,1
getready,1
adele30,1
imperfeccion,1
heladocasero,1
tvshows,1
topnetflix,1
tueliges,1
nuevojuego,1
rainyday,1
runaway,1
entrandoal2022,1
agenda,1
ezvalo,1
santesteve,1
calendario,1
caudalie,1
decotip,1
desenio,1
manicuranavidad,1
navidad2021,1
decoraciondenavidad,1
casitadejengibre,1
flyingtigercopenhagen,1
navidadconftc,1
navidansa,1
llaverosdefensapersonal,1
separadores,1
socks,1
creainclusiónconftc,1
amorpropio,1
reflexion,1
30,1
amazonmusthaves,1
doblarpijama,1
sortso,1
atajoseniphone,1
ocultarapps,1
cestadesorden,1
tipsseguridad,1
juego,1
hiddengames,1
propositos2022,1
elite,1
primevideo,1
topseries,1
series,1
gospring,1
fundaciondown,1
puzzle,1
aceitesesenciales,1
difusor,1
domingos,1
sundaybest,1
cosmetics,1
noche,1
facial,1
belleza,1
rutina,1
geocachingapp,1
haciendovelas,1
conchas,1
shellcandle,1
joyerospersonalizados,1
doblarbolsas,1
cajasmultiusos,1
cajasordenacion,1
tatay,1
beautyblender,1
mademybuyit,1
maybelline_es,1
mnymademybuyit,1
tiktokmademebuyit,1
limpiazapatillasphilips,1
antirobo,1
laundry,1
lavadora,1
hacksoflife,1
hangers,1
comodoblarlaropa,1
cinturones,1
tipspiel,1
rutinafacial,1
cortartomate,1
vota,1
eligeuna,1
misemanamassanta,1
horror,1
topprogramas,1
macetacolgante,1
geocachersoftiktok,1
cuelloalto,1
bye2022,1
recap2022,1
recap,1
vaporizador,1
planificadores,1
papeleria,1
planner,1
ingeniox,1
myplanner,1
navidadverdeftc,1
adjustclips,1
edicionavanzada,1
organizehacks,1
bolsas,1
cleaningtips,1
tiprosa,1
rosasantjordi,1
feriadeabril,1
recogidoflamenca,1
kitdeviaje,1
looksinspiration,1
novedadeszara,1
pelarmandarina,1
lifetips,1
papelhorno,1
experience,1
motivation,1
tipcebolla,1
cookinghack,1
skitip,1
tipsesqui,1
vaciabolsillos,1
lavabo,1
wc,1
favoritosdemaquillaje,1
bali,1
runfast,1
recetas,1
3ina,1
invitadoboda,1
corbata,1
coldplayconcert,1
trucohuevo,1
tipsdeplaya,1
miinsquad,1
rutinacoreana,1
beautytok,1
clothing,1
ropa,1
makeuphacks,1
maquillajetutorial,1
consejosutiles,1
brochas,1
adornos,1
pans,1
organizaciondejoyas,1
joyero,1
fridgeorganization,1
cuidate,1
feelinggood,1
candle,1
bolsos,1
cesto,1
tipscaseros,1
scrubdaddy,1
xmastips,1
trucolavavajillas,1
postresfaciles,1
sangrefalsa,1
halloweendeco,1
fanfestmascara,1
mercadona,1
limpiarzapatillas,1
ideasregalos,1
tipscoches,1
bikinis,1
tutorialdepeinado,1
pinturapornumeros,1
dogdaysareover,1
fathersday,1
regalosparapadres,1
diadelpadre,1
movienight,1
makeupclarins,1
lipcomfortoil,1
velasestampadas,1
recap2023,1
toptips2023,1
2023recap,1
peinados,1
tirita,1
organizadorbolso,1
pelarplatano,1
lekue,1
tipsvelas,1
montarmuebles,1
tipsikea,1
sartenes,1
ollas,1
nuevotip,1
stopmotion,1
xmas2020,1
tipsahorro,1
productosvirales,1
topmakeup,1
mejoresseries,1
topseriesennetflix,1
sabadodechicas,1
juegodeamigas,1
guatchicas,1
papelderegalo,1
accesoriosmovil,1
iphonegadget,1
cepillosdepelo,1
limpiarcepillos,1
cleaningtiktok,1
casatarradellas,1
comoencasa,1
regalodecasatarradellas,1
outlet,1
alouzaceramics,1
cosasquepasan,1
ikeafinds,1
fashioninspo,1
cowboyboots,1
botasvaqueras,1
makeuptips,1
evento,1
emma,1
parejas,1
casanovabeachclub,1
cbc,1
moulinrouge,1
dinnershow,1
showcooking,1
alimentaria,1
toppeliculas,1
peliculasdenetflix,1
cafecortado,1
birthday,1
veladecumpleaños,1
cumpleaños,1
auriculares,1
tipviral,1
probandoproductos,1
caramelpopcorn,1
plantasartificialesblaine,1
plantasartificiales,1
plantasblaine,1
bisuteria,1
ketchup,1
muebles,1
pisito,1
planesenbarcelona,1
spa,1
massage,1
oceanspa,1
borradormagico,1
ideasdeoutfits,1
linktree,1
driverslicense,1
tipscafe,1
aceitedecoco,1
bailestiktok,1
cottoneyejoe,1
kohtao,1
diving,1
buceo,1
puravidakohtao,1
kohtaodiving,1
trucodelimpieza,1
tusexitosdelverano,1
celo,1
bicarbonato,1
trucosdecocina,1
tipsbaño,1
tv3,1
tipsdeneteja,1
ambientadornatural,1
otoño,1
vueltaalarutina,1
cortado,1
sundaycleaning,1
colador,1
palette,1
eyeshadow,1
paleta,1
secretscrunchie,1
coleteros,1
scrunchies,1
perfil,1
calendariopersonalizado,1
montandoelarbol,1
sonnyangel,1
bitelchus,1
labios,1
catrinamakeup,1
ideashalloween,1
frasesinspiradoras,1
felicidad,1
impermeabilizante,1
ikeahaul,1
trampas,1
pececillodeplata,1
canva,1
recogidoconpañuelo,1
recogido,1
valentinesday,1
regalosparaél,1
regalosparanovio,1
bottlewrap,1
kayali,1
rituals,1
makeupforever,1
colorwow,1
invisibobble,1
iliabeauty,1
dia5,1
olaplex,1
dia2,1
tartecosmetics,1
byoma,1
dia1,1
anastasiabeverlyhills,1
soldejaneiro,1
moroccanoil,1
dia15,1
rabannemakeup,1
rabanne,1
hudabeauty,1
mascaras,1
telescopicmascara,1
skyhighmascara,1
limpiezafacial,1
ohno,1
cuidadodelapiel,1
veladecorativa,1
pandeoro,1
felizsanvalentin,1
edb,1
elsecretodelorfebre,1
mochilaviajera,1
primark,1
piedrablanca,1
keeping13,1
firsttiktok,1
readingjournal,1
bookjournal,1
foryou,1
cursodedoblaje,1
doblaje,1
colab,1
recap2024,1
2024,1
k18hair,1
huevosbenedict,1
brunch,1
cordoneszapatos,1
estilo,1
dobladillo,1
mariekondo,1
primavera,1
spices,1
tidy,1
closet,1
closetstyle,1
organización,1
calzadorespetuoso,1
groundies,1
cursodoblaje,1
escueladoblajebarcelona,1
