Word,Size
trucosytips,108002300.0
aprendecontiktok,88736300.0
tips,57511100.0
orden,38932700.0
tipsorden,35732700.0
lifehack,28896800.0
escaperoom,27339800.0
tipsdeviaje,23726800.0
navidad,21368400.0
xmas,20539800.0
tipshogar,18940600.0
calendariodeadviento,18039800.0
amazonfinds,16651300.0
doblarropa,16000000.0
ruidovisual,13200000.0
adventcalendar,12639800.0
tipsparaviajar,12100000.0
maleta,12100000.0
maletaprimark,12100000.0
rosa,11400000.0
santjordi,11400000.0
lifehacks,11376800.0
maletademano,10700000.0
cerradura,8700000.0
seguridad,8700000.0
rosal,8600000.0
plantar,8600000.0
hairtok,7826300.0
tutorialpeinado,6893600.0
peinadosfaciles,6893600.0
geocaching,6532800.0
geocache,6532800.0
geocachers,6532800.0
missionimpossible,6532800.0
temufinds,6444200.0
temuespaña,6444200.0
shoptemu,6444200.0
temues,6444200.0
temuspain,6444200.0
temu,6444200.0
ordenatuhogar,6278800.0
ordenencasa,6278800.0
primeravez,5700000.0
mochiladeviaje,5526800.0
productosamazon,5526800.0
gifted,5500000.0
dia20,5400000.0
exit,5400000.0
vlogmas,5400000.0
amazon,4900000.0
publi,4800000.0
verano,4800000.0
summertips,4800000.0
ahorro,4800000.0
tipsparaahorrar,4800000.0
lacuponera,4800000.0
tip,4167200.0
diy,3900000.0
quepuedohacer,3900000.0
planes,3900000.0
homehacks,3900000.0
invitadaboda,3700000.0
cambiodearmario,3353900.0
snorkel,3200000.0
deportesacuaticos,3200000.0
cestadesorden,3200000.0
nochedecine,2800000.0
aguaderosas,2800000.0
antirobo,2800000.0
petalos,2800000.0
plandeviernes,2800000.0
ordenarmario,2800000.0
echameuncable,2704700.0
envolverregalos,2500000.0
bookwrapping,2500000.0
regalos,2500000.0
christmas,2500000.0
parati,2500000.0
giftwrapping,2500000.0
tipscocina,2472000.0
doblarsabanas,2100000.0
tipsdemoda,2002700.0
exitthegameadventcalendar,2000000.0
cleantok,2000000.0
pelarmandarina,1900000.0
manicuracasera,1800000.0
manicurafrancesa,1800000.0
uñas,1800000.0
tipsmanicura,1800000.0
tipuñas,1800000.0
sportstips,1600000.0
tipsverano,1600000.0
tipspadel,1600000.0
summer,1600000.0
playa,1600000.0
ryanair,1400000.0
mochilaviajera,1400000.0
fashiontips,1300000.0
dobladillo,1300000.0
cordoneszapatos,1300000.0
estilo,1300000.0
safetytips,1200000.0
bicarbonato,1100000.0
tipsdelimpieza,1100000.0
heladocasero,1100000.0
viral,1000000.0
adios2021,1000000.0
bye2021,1000000.0
cafeconleche,956200.0
coffeelover,956200.0
nespresso,956200.0
lattissimaone,956200.0
recogidosfaciles,932700.0
tipspelo,932700.0
tipscoches,847700.0
trucoviral,847700.0
juegosencasa,828600.0
xmasgames,828600.0
olimpiadasdenavidad,828600.0
vela,764700.0
candlemaking,764700.0
candles,764700.0
tutorial,764700.0
temuhaul,744200.0
coche,706500.0
tipscoche,706500.0
carhacks,706500.0
cuelloalto,702700.0
collar,695600.0
lechematerna,695600.0
lackto,695600.0
lactancia,695600.0
asos,642300.0
boda,642300.0
vestidos,642300.0
vestidosinvitada,642300.0
pececillodeplata,624400.0
trampas,624400.0
tipsropa,614800.0
llaverosdefensapersonal,604700.0
perchas,553900.0
